A4,Audi,96,97,98,99,0,1,2
A6 ,Audi,95,96,97,98,99,0,1,2
A8,Audi,97,98,99,0,1,2
Accent ,Hyundai,95,96,97,98,99,0,1,2
Acclaim,Plymouth,89,90,91,92,93,94,95
Accord ,Honda,82,83,84,85,86,87,88,89,90,91,92,93,94,95,96,97,98,99,0,1,2
Achieva,Oldsmobile,92,93,94,95,96,97,98
Aerio ,Suzuki,2
Aerostar,Ford,86,87,88,89,90,91,92,93,94,95,96,97
Alero ,Oldsmobile,99,0,1,2
Allante',Cadillac,87,88,89,90,91,92,93
Alliance ,AMC,83,84,85,86,87
Allroad,Audi,1,2
Altima ,Nissan,93,94,95,96,97,98,99,0,1,2
Amigo,Isuzu,89,90,91,92,93,94,98,99,0
APV ,Chevrolet,90,91,92,93
Aries,Dodge,82,83,84,85,86,87
Aries America ,Dodge,88,89
Aspire,Ford,94,95,96,97
Astro ,Chevrolet,85,86,87,88,89,90,91,92,93,94,95,96,97,98,99,0,1,2
Aurora,Oldsmobile,95,96,97,98,99,1,2
Avalanche ,Chevrolet,2
Avalon,Toyota,95,96,97,98,99,0,1,2
Avenger ,Dodge,95,96,97,98,99,0
Axiom,Isuzu,2
Axxess ,Nissan,90
Aztek,Pontiac,1,2
Azzurra ,Pininfarina,84,85
B2000,Mazda,82,83,84,86,87
B2200 ,Mazda,87,88,89,90,91,92,93
B2300,Mazda,94,95,96,97,1,2
B2500 ,Mazda,98,99,0,1
B2600,Mazda,87,88,89,90,91,92,93
B2600i ,Mazda,89
B3000,Mazda,94,95,96,98,99,0,1,2
B4000 ,Mazda,94,95,96,97,98,99,0,1,2
Beretta,Chevrolet,87,88,89,90,91,92,93,94,95,96
Blackwood ,Lincoln,2
Blazer,Chevrolet,82,83,84,85,86,87,88,89,90,91,92,93,94,95,96,97,98,99,0,1,2
Bonneville ,Pontiac,82,83,84,85,86,87,88,89,90,91,92,93,94,95,96,97,98,99,0,1,2
Boxster,Porsche,97,98,99,0,1,2
Brat ,Subaru,82,83,84,85,86,87
Bravada,Oldsmobile,91,92,93,94,96,97,98,99,0,1,2
Breeze ,Plymouth,96,97,98,99,0
Bronco,Ford,82,83,84,85,86,87,88,89,90,91,92,93,94,95,96
Bronco II ,Ford,84,85,86,87,88,89,90
Brougham,Cadillac,87,88,89,90,91,92
C-Class ,Mercedes-Benz,94,95,96,97,98,99,0,1,2
C70,Volvo,98,99,0,1,2
Caballero ,GMC,82,83,84,85,86,87
Cabrio,Volkswagen,95,96,97,98,99,0,1,2
Cabrio ,Yugo,90,91
Cabriolet,Audi,94,95,96,97,98
Cabriolet ,Volkswagen,85,86,87,88,89,90,91,92,93
Calais,Oldsmobile,85,86,87,88,89,90,91
Camaro ,Chevrolet,82,83,84,85,86,87,88,89,90,91,92,93,94,95,96,97,98,99,0,1,2
Camry,Toyota,83,84,85,86,87,88,89,90,91,92,93,94,95,96,97,98,99,0,1,2
Capri ,Mercury,82,83,84,85,86,91,92,93,94
Caprice,Chevrolet,86,87,88,89,90,91,92
Caprice Classic ,Chevrolet,82,83,84,85,93,94,95,96
Caravan,Dodge,84,85,86,87,88,89,90,91,92,93,94,95,96,97,98,99,0,1,2
Caravelle ,Plymouth,85,86,87,88
Catera,Cadillac,97,98,99,0,1
Cavalier ,Chevrolet,82,83,84,85,86,87,88,89,90,91,92,93,94,95,96,97,98,99,0,1,2
Celebrity,Chevrolet,82,83,84,85,86,87,88,89,90
Celica ,Toyota,82,83,84,85,86,87,88,89,90,91,92,93,94,95,96,97,98,99,0,1,2
Celica Supra,Toyota,82,83,84,85
Century ,Buick,82,83,84,85,86,87,88,89,90,91,92,93,94,95,96,97,98,99,0,1,2
Challenger,Dodge,82,83
Champ ,Plymouth,82
Charade,Daihatsu,88,89,90,91,92
Charger ,Dodge,83,84,85,86,87
Cherokee,Jeep,82,83,84,85,86,87,88,89,90,91,92,93,94,95,96,97,98,99,0,1
Chevette ,Chevrolet,82,83,84,85,86,87
Ciera,Oldsmobile,82,83,84,85,86,87,88,89,90,91,92,93,94,95,96
Cimarron ,Cadillac,82,83,84,85,86,87,88
Cirrus,Chrysler,95,96,97,98,99,0
Citation ,Chevrolet,82,83
Citation II,Chevrolet,84,85
Civic ,Honda,82,83,84,85,86,87,88,89,90,91,92,93,94,95,96,97,98,99,0,1,2
CJ,Jeep,82,83,84,85,86
CL ,Acura,97,98,99,1,2
CL-Class,Mercedes-Benz,98,99,0,1,2
CLK-Class ,Mercedes-Benz,98,99,0,1,2
Club Wagon,Ford,82,83,84,85,86,87,88,89,90,91,92,93,94,95,96,97,98
Colt ,Dodge,82,83,84,85,86,87,88,89,90,91,92,93,94
Colt,Plymouth,83,84,85,86,87,88,89,90,91,92,93,94
Colt Vista ,Plymouth,84,85,86,87,88,89,90,91,92,93,94
Colt Vista,Dodge,84,85,86,87,88,89,90,91
Comanche Pickup ,Jeep,86,87,88,89,90,91,92
Concord,AMC,82,83
Concorde ,Chrysler,93,94,95,96,97,98,99,0,1,2
Conquest,Chrysler,87
Conquest ,Dodge,84,85,86
Conquest,Plymouth,84,85,86
Conquest TSi ,Chrysler,88,89
Continental,Lincoln,82,83,84,85,86,87,88,89,90,91,92,93,94,95,96,97,98,99,0,1,2
Contour ,Ford,95,96,97,98,99,0
Cordia,Mitsubishi,83,84,85,86,87,88
Cordoba ,Chrysler,82,83
Corolla,Toyota,82,83,84,85,86,87,88,89,90,91,92,93,94,95,96,97,98,99,0,1,2
Corona ,Toyota,82
Corrado,Volkswagen,90,91,92,93,94
Corsica ,Chevrolet,87,88,89,90,91,92,93,94,95,96
Corvette,Chevrolet,82,84,85,86,87,88,89,90,91,92,93,94,95,96,97,98,99,0,1,2
Cougar ,Mercury,82,83,84,85,86,87,88,89,90,91,92,93,94,95,96,97,99,0,1,2
Country Squire,Ford,82,83,84,85,86,87,88,89,90,91
Coupe ,Volvo,91
Coupe,Audi,82,83
Courier ,Ford,82
CR-V,Honda,97,98,99,0,1,2
Cressida ,Toyota,82,83,84,85,86,87,88,89,90,91,92
Crown Victoria,Ford,82,83,84,85,86,87,88,89,90,91,92,93,94,95,96,97,98,99,0,1,2
Custom Cruiser ,Oldsmobile,90,91,92
Cutlass,Oldsmobile,82,83,84,97,98,99
Cutlass Cruiser ,Oldsmobile,93,94
Cutlass Supreme,Oldsmobile,85,86,87,88,89,90,91,92,93,94,95,96,97
Dakota ,Dodge,87,88,89,90,91,92,93,94,95,96,97,98,99,0,1,2
Daytona,Dodge,84,85,86,87,88,89,90,91,92,93
Defender 110 ,Land Rover,93
Defender 90,Land Rover,94,95,97
del Sol ,Honda,93,94,95,96,97
Delta 88,Oldsmobile,82,83,84,85,86,87,88
DeVille ,Cadillac,82,83,84,85,86,87,88,89,90,91,92,93,94,95,96,97,98,99,0,1,2
Diamante,Mitsubishi,92,93,94,95,96,97,98,99,0,1,2
Diplomat ,Dodge,82,83,84,85,86,87,88,89
Discovery,Land Rover,94,95,96,97,98,99
Discovery Series II ,Land Rover,99,0,1,2
DL,Subaru,82,83,84,85,86,87,88,89
DL ,Volvo,82,83,84,85
Durango,Dodge,98,99,0,1,2
Dynasty ,Dodge,88,89,90,91,92,93
E Class,Chrysler,83,84
E-Class ,Mercedes-Benz,94,95,96,97,98,99,0,1,2
Eagle,AMC,82,83,84,85,86,87,88
Echo ,Toyota,0,1,2
Eclipse,Mitsubishi,90,91,92,93,94,95,96,97,98,99,0,1,2
Econoline ,Ford,82,83,84,85,86,87,88,89,90,91,92,93,94,95,96,97,98,99,0,1,2
El Camino,Chevrolet,82,83,84,85,86,87
Elantra ,Hyundai,92,93,94,95,96,97,98,99,0,1,2
Eldorado,Cadillac,82,83,84,85,86,87,88,89,90,91,92,93,94,95,96,97,98,99,0,1,2
Electra ,Buick,82,83,84,85,86,87,88,89,90
Encore,AMC,84,85,86
Envoy ,GMC,98,99,0,2
Envoy XL,GMC,2
ES 250 ,Lexus,90,91
ES 300,Lexus,92,93,94,95,96,97,98,99,0,1,2
Escalade ,Cadillac,99,0,2
Escalade EXT,Cadillac,2
Escape ,Ford,1,2
Escort,Ford,82,83,84,85,86,87,88,89,90,91,92,93,94,95,96,97,98,99,0,1,2
Estate ,Buick,90
Esteem,Suzuki,95,96,97,98,99,0,1,2
Eurovan ,Volkswagen,93,99,0,1,2
Excel,Hyundai,86,87,88,89,90,91,92,93,94
Excursion ,Ford,0,1,2
Executive,Chrysler,84
EXP ,Ford,82,83,84,85,86,87,88
Expedition,Ford,97,98,99,0,1,2
Explorer ,Ford,91,92,93,94,95,96,97,98,99,0,1,2
Explorer Sport Trac,Ford,1,2
Expo ,Mitsubishi,92,93,94,95
Express Van,Chevrolet,96,97,98,99,0,1,2
F100 ,Ford,82,83
F150,Ford,82,83,84,85,86,87,88,89,90,91,92,93,94,95,96,97,98,99,0,1,2
F250 ,Ford,82,83,84,85,86,87,88,89,90,91,92,93,94,95,96,97,98,99,0,1,2
F350,Ford,82,83,84,85,86,87,88,89,90,91,92,93,94,95,96,97,99,0,1,2
Fairmont ,Ford,82,83
Festiva,Ford,88,89,90,91,92,93
Fiero ,Pontiac,84,85,86,87,88
Fifth Ave,Chrysler,83,84,85,86,87,88,89,90,91,92,93
Firebird ,Pontiac,82,83,84,85,86,87,88,89,90,91,92,93,94,95,96,97,98,99,0,1,2
Firenza,Oldsmobile,82,83,84,85,86,87,88
Fleetwood ,Cadillac,82,83,84,85,86,87,88,89,90,91,92,93,94,95,96
Fleetwood 75,Cadillac,87
Focus ,Ford,0,1,2
Forester,Subaru,98,99,0,1,2
Fox ,Volkswagen,87,88,89,90,91,92,93
Freelander,Land Rover,2
Frontier ,Nissan,98,99,0,1,2
Fuego,Renault,82,83,84,85
G-Class ,Mercedes-Benz,2
G-Series Van,Chevrolet,82,83,84,85,86,87,88,89,90,91,92,93,94,95,96,97,98
G20 ,Infiniti,91,92,93,94,95,96,99,0,1,2
Galant,Mitsubishi,85,86,87,89,90,91,92,93,94,95,96,97,98,99,0,1,2
Galant Sigma ,Mitsubishi,88
GL,Subaru,82,83,84,85,86,87,88,89
GL ,Volvo,82,83,84,85
GL-10,Subaru,85,86,87,88,89
GLC ,Mazda,82,83,84,85,86
GLE,Volvo,82
GLF ,Subaru,82
GLT,Volvo,82,83,84
Golf ,Volkswagen,85,86,87,88,89,90,91,92,96,97,98,99,0,1,2
Golf III,Volkswagen,93,94,95
Gran Fury ,Plymouth,82,83,84,85,86,87,88,89
Granada,Ford,82
Grand Am ,Pontiac,85,86,87,88,89,90,91,92,93,94,95,96,97,98,99,0,1,2
Grand Caravan,Dodge,87,88,89,90,91,92,93,94,95,96,97,98,99,0,1,2
Grand Cherokee ,Jeep,93,94,95,96,97,98,99,0,1,2
Grand Marquis,Mercury,83,84,85,86,87,88,89,90,91,92,93,94,95,96,97,98,99,0,1,2
Grand Prix ,Pontiac,82,83,84,85,86,87,88,89,90,91,92,93,94,95,96,97,98,99,0,1,2
Grand Vitara,Suzuki,99,0,1,2
Grand Voyager ,Chrysler,0
Grand Voyager,Plymouth,87,88,89,90,91,92,93,94,95,96,97,98,99,0
Grand Wagoneer ,Jeep,84,85,86,87,88,89,90,91
GS 300,Lexus,93,94,95,96,97,98,99,0,1,2
GS 400 ,Lexus,98,99,0
GS 430,Lexus,1,2
GT ,Audi,84,85,86,87
GTA,AMC,87
GTI ,Volkswagen,85,86,87,88,89,90,91,92,95,0,1,2
GTV-6,Alfa Romeo,82,83,84,85,86
Highlander,Toyota,1,2
Hombre ,Isuzu,96,97,98,99,0
Horizon,Plymouth,82,83,84,85,86,87,88,89,90
Hummer ,AM General,93,94,95,96,97,98,99,0,1,2
I-Mark,Isuzu,82,83,84,85,86,87,88,89
I30 ,Infiniti,96,97,98,99,0,1
I35,Infiniti,2
Impala ,Chevrolet,82,83,84,85,0,1,2
Impala SS,Chevrolet,94,95,96
Imperial ,Chrysler,82,83,90,91,92,93
Impreza,Subaru,93,94,95,96,97,98,99,0,1,2
Impulse ,Isuzu,83,84,85,86,87,88,89,90,91,92
Integra,Acura,86,87,88,89,90,91,92,93,94,95,96,97,98,99,0,1
Intrepid ,Dodge,93,94,95,96,97,98,99,0,1,2
Intrigue,Oldsmobile,98,99,0,1,2
IS 300 ,Lexus,1,2
J10 Pickup,Jeep,82,83,84,85,86,87,88
J20 Pickup ,Jeep,82,83,84,85,86,87,88
J2000,Pontiac,82
J30 ,Infiniti,93,94,95,96,97
Jetta,Volkswagen,82,83,84,85,86,87,88,89,90,91,92,96,97,98,99,0,1,2
Jetta III ,Volkswagen,93,94,95
Jimmy,GMC,82,83,84,85,86,87,88,89,90,91,92,93,94,95,96,97,98,99,0,1
Justy ,Subaru,87,88,89,90,91,92,93,94
L100,Saturn,1,2
L200 ,Saturn,1,2
L300,Saturn,1,2
Lancer ,Mitsubishi,2
Lancer,Dodge,85,86,87,88,89
Land Cruiser ,Toyota,82,83,84,85,86,87,88,89,90,91,92,93,94,95,96,97,98,99,0,1,2
Lanos,Daewoo,99,0,1,2
Laser ,Plymouth,90,91,92,93,94
Laser,Chrysler,84,85,86
LeBaron ,Chrysler,82,83,84,85,86,87,88,89,90,91,92,93,94,95
LeCar,Renault,82,83
Legacy ,Subaru,90,91,92,93,94,95,96,97,98,99,0,1,2
Leganza,Daewoo,99,0,1,2
Legend ,Acura,86,87,88,89,90,91,92,93,94,95
LeMans,Pontiac,88,89,90,91,92,93
LeSabre ,Buick,82,83,84,85,86,87,88,89,90,91,92,93,94,95,96,97,98,99,0,1,2
LHS,Chrysler,94,95,96,97,99,0,1
Liberte ,Peugeot,87
Liberty,Jeep,2
LN7 ,Mercury,82,83
Loyale,Subaru,90,91,92,93,94
LS ,Lincoln,0,1,2
LS,Saturn,0
LS 400 ,Lexus,90,91,92,93,94,95,96,97,98,99,0
LS 430,Lexus,1,2
LS1 ,Saturn,0
LS2,Saturn,0
LSS ,Oldsmobile,97,98,99
LTD,Ford,82,83,84,85,86
Lumina ,Chevrolet,90,91,92,93,94,95,96,97,98,99,0,1
Lumina APV,Chevrolet,90,91,92,93
LUV Pickup ,Chevrolet,82
LW1,Saturn,0
LW2 ,Saturn,0
LW200,Saturn,1,2
LW300 ,Saturn,1,2
LX 450,Lexus,96,97
LX 470 ,Lexus,98,99,0,1,2
Lynx,Mercury,82,83,84,85,86,87
M-Class ,Mercedes-Benz,98,99,0,1,2
M30,Infiniti,90,91,92
Malibu ,Chevrolet,82,83,97,98,99,0,1,2
Mark VI,Lincoln,82,83
Mark VII ,Lincoln,84,85,86,87,88,89,90,91,92
Mark VIII,Lincoln,93,94,95,96,97,98
Marquis ,Mercury,82,83,84,85,86
Maxima,Nissan,82,83,84,85,86,87,88,89,90,91,92,93,94,95,96,97,98,99,0,1,2
MDX ,Acura,1,2
Medallion,Eagle,88,89
Metro ,Chevrolet,98,99,0,1
Metro,Geo,89,90,91,92,93,94,95,96,97
Miata MX-5 ,Mazda,90,91,92,93,94,95,96,97,99,0,1,2
Milano,Alfa Romeo,87,88,89
Millenia ,Mazda,95,96,97,98,99,0,1,2
Mini,MINI,2
Mini Ram Van ,Dodge,84,85,86,87,88
Minivan,Mitsubishi,87,88,89,90
Minivan ,Nissan,87,88,90
Minivan,Toyota,84,85,86,87,88,89
Mirada ,Dodge,82,83
Mirage,Mitsubishi,85,86,87,88,89,90,91,92,93,94,95,96,97,98,99,0,1,2
Monaco ,Dodge,90,91,92
Montana,Pontiac,99,0,1,2
Monte Carlo ,Chevrolet,82,83,84,85,86,87,88,95,96,97,98,99,0,1,2
Montero,Mitsubishi,83,84,85,86,87,88,89,90,91,92,93,94,95,96,97,98,99,0,1,2
Montero Sport ,Mitsubishi,97,98,99,0,1,2
Mountaineer,Mercury,97,98,99,0,1,2
MPV ,Mazda,89,90,91,92,93,94,95,96,97,98,0,1,2
MR2,Toyota,85,86,87,88,89,91,92,93,94,95
MR2 Spyder ,Toyota,0,1,2
Mustang,Ford,82,83,84,85,86,87,88,89,90,91,92,93,94,95,96,97,98,99,0,1,2
MX-3 ,Mazda,92,93,94,95
MX-6,Mazda,88,89,90,91,92,93,94,95,96,97
Mystique ,Mercury,95,96,97,98,99,0
Navajo,Mazda,91,92,93,94
Navigator ,Lincoln,98,99,0,1,2
Neon,Dodge,95,96,97,98,99,0,1,2
Neon ,Plymouth,95,96,97,98,99,0,1
New Beetle,Volkswagen,98,99,0,1,2
New Cabrio ,Volkswagen,99
New Golf,Volkswagen,99
New GTI ,Volkswagen,99
New Jetta,Volkswagen,99
New Passat ,Volkswagen,1
New Yorker,Chrysler,82,83,84,85,86,87,88,89,90,91,92,93,94,95,96
Nova ,Chevrolet,85,86,87,88
NSX,Acura,91,92,93,94,95,96,97,98,99,0,1,2
Nubira ,Daewoo,99,0,1,2
NX,Nissan,91,92,93
Oasis ,Isuzu,96,97,98,99
Odyssey,Honda,95,96,97,98,99,0,1,2
Omega ,Oldsmobile,82,83,84
Omni,Dodge,82,83,84,85,86
Omni America ,Dodge,87,88,89,90
Optima,Kia,1,2
Outback ,Subaru,0,1,2
Parisienne,Pontiac,83,84,85,86
Park Avenue ,Buick,91,92,93,94,95,96,97,98,99,0,1,2
Paseo,Toyota,92,93,94,95,96,97
Passat ,Volkswagen,90,91,92,93,94,95,96,97,98,99,0,1,2
Passport,Honda,94,95,96,97,98,99,0,1,2
Pathfinder ,Nissan,87,88,89,90,91,92,93,94,95,96,97,98,99,0,1,2
Phoenix,Pontiac,82,83,84
Pickup ,Nissan,82,83,84,85,86,87,88,89,90,91,92,93,94,95,96,97
Pickup,Mitsubishi,83,84,85,86,87,88,89,90,91,92,93,94,95,96
Pickup ,Isuzu,82,83,84,85,86,87,88,89,90,91,92,93,94,95
Pickup,Toyota,82,83,84,85,86,87,88,89,90,91,92,93,94,95
Pickup ,Plymouth,82,83
Precis,Mitsubishi,87,88,89,90,91,92,93,94
Prelude ,Honda,82,83,84,85,86,87,88,89,90,91,92,93,94,95,96,97,98,99,0,1
Premier,Eagle,88,89,90,91,92
Previa ,Toyota,91,92,93,94,95,96,97
Prizm,Chevrolet,98,99,0,1,2
Prizm ,Geo,89,90,91,92,93,94,95,96,97
Probe,Ford,89,90,91,92,93,94,95,96,97
Protege ,Mazda,90,91,92,93,94,95,96,97,98,99,0,1,2
Protege5,Mazda,2
PT Cruiser ,Chrysler,1,2
Pulsar,Nissan,83,84,85,86,87,88,89,90
Q45 ,Infiniti,90,91,92,93,94,95,96,97,98,99,0,1,2
Quantum,Volkswagen,82,83,84,85,86,87,88
Quattro ,Audi,83,84,90,91,92,93,94
Quest,Nissan,93,94,95,96,97,98,99,0,1,2
QX4 ,Infiniti,97,98,99,0,1,2
Rabbit,Volkswagen,82,83,84
Raider ,Dodge,87,88,89
Rally Wagon,GMC,82,83,84,85,86,87,88,89,90,91,92,93,94,95,96
Ram 50 Pickup ,Dodge,82,83,84,85,86,87,88,89,90,91,92,93
Ram Van,Dodge,85,86,87,88,89,90,91,92,93,94,95,96,97,98,99,0,1,2
Ram Wagon ,Dodge,82,83,84,85,86,87,88,89,90,91,92,93,94,95,96,97,98,99,0,1,2
Ramcharger,Dodge,82,83,84,85,86,87,88,89,90,91,92,93
Rampage ,Dodge,82,83,84
Range Rover,Land Rover,87,88,89,90,91,92,93,94,95,96,97,98,99,0,1,2
Ranger ,Ford,83,84,85,86,87,88,89,90,91,92,93,94,95,96,97,98,99,0,1,2
RAV4,Toyota,96,97,98,99,0,1,2
Reatta ,Buick,88,89,90,91
Regal,Buick,82,83,84,85,86,87,88,89,90,91,92,93,94,95,96,97,98,99,0,1,2
Regency ,Oldsmobile,97,98
Reliant,Plymouth,82,83,84,85,86,87,88,89
Rendezvous ,Buick,2
Rio,Kia,1,2
Riviera ,Buick,82,83,84,85,86,87,88,89,90,91,92,93,95,96,97,98,99
RL,Acura,96,97,98,99,0,1,2
Roadmaster ,Buick,91,92,93,94,95,96
Rocky,Daihatsu,90,91,92
Rodeo ,Isuzu,91,92,93,94,95,96,97,98,99,0,1,2
Rodeo Sport,Isuzu,1,2
RSX ,Acura,2
RX,Subaru,85,86,87,88,89
RX 300 ,Lexus,99,0,1,2
RX-7,Mazda,82,83,84,85,86,87,88,89,90,91,93,94,95
S-Class ,Mercedes-Benz,94,95,96,97,98,99,0,1,2
S-Type,Jaguar,0,1,2
S10 Blazer ,Chevrolet,83,84,85,86,87,88,89,90,91,92,93,94
S10 Pickup,Chevrolet,82,83,84,85,86,87,88,89,90,91,92,93,94,95,96,97,98,99,0,1,2
S15 Jimmy ,GMC,83,84,85,86,87,88,89,90,91
S15 Pickup,GMC,82,83,84,85,86,87,88,89,90
S2000 ,Honda,0,1,2
S4,Audi,92,93,94,0,1,2
S40 ,Volvo,0,1,2
S6,Audi,95,2
S60 ,Volvo,1,2
S70,Volvo,98,99,0
S8 ,Audi,1,2
S80,Volvo,99,0,1,2
S90 ,Volvo,97,98
Sable,Mercury,86,87,88,89,90,91,92,93,94,95,96,97,98,99,0,1,2
Safari ,GMC,85,86,87,88,89,90,91,92,93,94,95,96,97,98,99,0,1,2
Safari,Pontiac,87,88,89
Samurai ,Suzuki,86,87,88,89,90,91,92,93,94,95
Santa Fe,Hyundai,1,2
Sapporo ,Plymouth,82,83
Savana Van,GMC,96,97,98,99,0,1,2
SC ,Saturn,91,92
SC 300,Lexus,92,93,94,95,96,97,98,99,0
SC 400 ,Lexus,92,93,94,95,96,97,98,99,0
SC 430,Lexus,2
SC1 ,Saturn,93,94,95,96,97,98,99,0,1,2
SC2,Saturn,93,94,95,96,97,98,99,0,1,2
Scirocco ,Volkswagen,82,83,84,85,86,87,88
Scorpio,Merkur,88,89
Scoupe ,Hyundai,91,92,93,94,95
Sebring,Chrysler,95,96,97,98,99,0,1,2
Sedona ,Kia,2
Sentra,Nissan,82,83,84,85,86,87,88,89,90,91,92,93,94,95,96,97,98,99,0,1,2
Sephia ,Kia,94,95,96,97,98,99,0,1
Sequoia,Toyota,1,2
Seville ,Cadillac,82,83,84,85,86,87,88,89,90,91,92,93,94,95,96,97,98,99,0,1,2
Shadow,Dodge,87,88,89,90,91,92,93,94
Sidekick ,Suzuki,89,90,91,92,93,94,95,96,97,98
Sienna,Toyota,98,99,0,1,2
Sierra 1500 Pickup ,GMC,99,0,1,2
Sierra 2500 Pickup,GMC,99,0,1,2
Sierra 3500 Pickup ,GMC,1,2
Sigma,Mitsubishi,89,90
Silhouette ,Oldsmobile,90,91,92,93,94,95,96,97,98,99,0,1,2
Silverado 1500 Pickup,Chevrolet,99,0,1,2
Silverado 2500 Pickup ,Chevrolet,99,0,1,2
Silverado 3500 Pickup,Chevrolet,1,2
Sixty Special ,Cadillac,93
Skyhawk,Buick,82,83,84,85,86,87,88,89
Skylark ,Buick,82,83,84,85,86,87,88,89,90,91,92,93,94,95,96,97,98
SL,Saturn,91,92,93,94,95,96,97,98,99,0,1,2
SL-Class ,Mercedes-Benz,94,95,96,97,98,99,0,1,2
SL1,Saturn,91,92,93,94,95,96,97,98,99,0,1,2
SL2 ,Saturn,91,92,93,94,95,96,97,98,99,0,1,2
SLK-Class,Mercedes-Benz,98,99,0,1,2
SLX ,Acura,96,97,98,99
Solara,Toyota,99,0,1,2
Somerset ,Buick,86,87
Somerset Regal,Buick,85
Sonata ,Hyundai,89,90,91,92,93,94,95,96,97,98,99,0,1,2
Sonoma,GMC,91,92,93,94,95,96,97,98,99,0,1,2
Spectra ,Kia,0,1,2
Spectrum,Geo,89
Spectrum ,Chevrolet,85,86,87,88
Spider,Alfa Romeo,82,83,84,85,86,87,88,89,90,91,92,93,94
Spider 2000 ,Fiat,82,83
Spirit,Dodge,89,90,91,92,93,94,95
Spirit ,AMC,82,83
Sportage,Kia,95,96,97,98,99,0,1,2
Sportvan ,Chevrolet,82,83,84,85,86,87,88,89,90,91,92,93,94,95,96
Sportwagon,Renault,84,85,86
Sprint ,Chevrolet,85,86,87,88
Stanza,Nissan,82,83,84,85,86,87,88,89,90,91,92
Starion ,Mitsubishi,83,84,85,86,87,88,89
Starlet,Toyota,82,83,84
STD ,Subaru,82,83,84,85,86,87
Stealth,Dodge,91,92,93,94,95,96
Storm ,Geo,90,91,92,93
Stratus,Dodge,95,96,97,98,99,0,1,2
Stylus ,Isuzu,91,92,93
Suburban,Chevrolet,82,83,84,85,86,87,88,89,90,91,92,93,94,95,96,97,98,99,0,1,2
Suburban ,GMC,82,83,84,85,86,87,88,89,90,91,92,93,94,95,96,97,98,99
Summit,Eagle,89,90,91,92,93,94,95,96
Sunbird ,Pontiac,84,85,86,87,88,89,90,91,92,93,94
Sundance,Plymouth,87,88,89,90,91,92,93,94
Sunfire ,Pontiac,95,96,97,98,99,0,1,2
Supra,Toyota,86,87,88,89,90,91,92,93,94,95,96,97,98
SVX ,Subaru,92,93,94,95,96,97
SW1,Saturn,93,94,95,96,97,98,99
SW2 ,Saturn,93,94,95,96,97,98,99,0,1
Swift,Suzuki,89,90,91,92,93,94,95,96,97,98,99,0,1
T100 ,Toyota,93,94,95,96,97,98
T1000,Pontiac,82
Tacoma ,Toyota,95,96,97,98,99,0,1,2
Tahoe,Chevrolet,95,96,97,98,99,0,1,2
Talon ,Eagle,90,91,92,93,94,95,96,97,98
Taurus,Ford,86,87,88,89,90,91,92,93,94,95,96,97,98,99,0,1,2
TC ,Chrysler,89,90,91
TC3,Plymouth,82
Tempo ,Ford,84,85,86,87,88,89,90,91,92,93,94
Tercel,Toyota,82,83,84,85,86,87,88,89,90,91,92,93,94,95,96,97,98
Thunderbird ,Ford,82,83,84,85,86,87,88,89,90,91,92,93,94,95,96,97,2
Tiburon,Hyundai,97,98,99,0,1
TL ,Acura,95,96,97,98,99,0,1,2
Topaz,Mercury,84,85,86,87,88,89,90,91,92,93,94
Toronado ,Oldsmobile,82,83,84,85,86,87,88,89,90,91,92
Town & Country,Chrysler,90,91,92,93,94,95,96,97,98,99,0,1,2
Town Car ,Lincoln,82,83,84,85,86,87,88,89,90,91,92,93,94,95,96,97,98,99,0,1,2
Tracer,Mercury,88,89,91,92,93,94,95,96,97,98,99
Tracker ,Chevrolet,98,99,0,1,2
Tracker,Geo,89,90,91,92,93,94,95,96,97
TrailBlazer ,Chevrolet,2
Trailblazer,Chevrolet,2
Trans Sport ,Pontiac,90,91,92,93,94,95,96,97,98
Tredia,Mitsubishi,83,84,85,86,87,88
Tribute ,Mazda,1,2
Trooper,Isuzu,91,92,93,94,95,96,97,98,99,0,1,2
Trooper II ,Isuzu,84,85,86,87,88,89,90
TT,Audi,0,1,2
Tundra ,Toyota,0,1,2
Turbo,Volvo,85
Turismo ,Plymouth,83,84,85,86,87
V40,Volvo,0,1,2
V70 ,Volvo,98,99,0,1,2
V90,Volvo,97,98
Van ,Dodge,82,83,84
Vanagon,Volkswagen,82,83,84,85,86,87,88,89,90,91
Vanden Plas ,Jaguar,2
Vandura,GMC,82,83,84,85,86,87,88,89,90,91,92,93,94,95,96
VehiCROSS ,Isuzu,99,0,1,2
Venture,Chevrolet,97,98,99,0,1,2
Vigor ,Acura,92,93,94
Villager,Mercury,93,94,95,96,97,98,99,0,1,2
Viper ,Dodge,92,93,94,95,96,97,98,99,0,1,2
Vision,Eagle,93,94,95,96,97
Vitara ,Suzuki,99,0,1,2
Voyager,Chrysler,0,1,2
Voyager ,Plymouth,82,83,84,85,86,87,88,89,90,91,92,93,94,95,96,97,98,99,0
VUE,Saturn,2
Wagoneer ,Jeep,82,83,84,85,86,87,88,89,90
Windstar,Ford,95,96,97,98,99,0,1,2
Wrangler ,Jeep,87,88,89,90,91,92,93,94,95,97,98,99,0,1,2
X-90,Suzuki,96,97,98
X-Type ,Jaguar,2
X1/9,Bertone,84,85,86,87,88
X1/9 ,Fiat,82,83
X5,BMW,0,1,2
XG300 ,Hyundai,1
XG350,Hyundai,2
XJ Sport ,Jaguar,2
XJ Super,Jaguar,2
XJ12 ,Jaguar,93,94,95,96
XJ6,Jaguar,82,83,84,85,86,87,88,89,90,91,92,93,94,95,96,97
XJ8 ,Jaguar,98,99,0,1,2
XJR,Jaguar,95,96,97,98,99,0,1,2
XJR-S ,Jaguar,93
XJS,Jaguar,82,83,84,85,86,87,88,89,90,91,92,93,94,95,96
XK8 ,Jaguar,97,98,99,0,1,2
XKR,Jaguar,0,1,2
XL-7 ,Suzuki,1,2
XR4Ti,Merkur,85,86,87,88,89
XT ,Subaru,85,86,87,88,89,91
XT6,Subaru,88,89,91
Xterra ,Nissan,0,1,2
Yukon,GMC,92,93,94,95,96,97,98,99,0,1,2
Yukon XL ,GMC,0,1,2
Z3,BMW,96,97,98,99,0,1,2
Z8 ,BMW,0,1,2
Zephyr,Mercury,82,83
ZX2 ,Ford,1,2
24,Dodge,82
10 Pickup ,Chevrolet,82,83,84,85,86,87
100,Audi,89,90,91,92,93,94
100 Pickup ,Dodge,84,85,86,87,88,89
1000,Pontiac,83,84,85,86,87
150 Pickup ,Dodge,82,83,84,85,86,87,88,89,90,91,92,93
1500 Pickup,Dodge,94,95,96,97,98,99,0,1,2
1500 Pickup ,Chevrolet,88,89,90,91,92,93,94,95,96,97,98,99
1500 Pickup,GMC,82,83,84,85,86,87,88,89,90,91,92,93,94,95,96,97,98,99
164,Alfa Romeo,91,92,93,94,95
18i,Renault,82,83
190D ,Mercedes-Benz,84,85,86,87,88,89
190E,Mercedes-Benz,84,85,86,87,88,89,90,91,92,93
1.90E-14,Mercedes-Benz,86,87
20 Pickup,Chevrolet,82,83,84,85,86,87
200,Audi,89,90,91
2000,Pontiac,83
2000 Sunbird ,Pontiac,84
200SX,Nissan,82,83,84,85,86,87,88,95,96,97,98
210,Nissan,82
240,Volvo,86,87,88,89,90,91,92,93
240D ,Mercedes-Benz,82,83
240SX,Nissan,89,90,91,92,93,94,95,96,97,98
250 Pickup ,Dodge,82,83,84,85,86,87,88,89,90,91,92,93
2500 Pickup,Dodge,94,95,96,97,98,99,0,1,2
2500 Pickup ,Chevrolet,88,89,90,91,92,93,94,95,96,97,98,99,0
2500 Pickup,GMC,82,83,84,85,86,87,88,89,90,91,92,93,94,95,96,97,98,99,0
260E ,Mercedes-Benz,87,88,89
280ZX,Nissan,82,83
3 Series ,BMW,82,83,84,85,86,87,88,89,90,91,92,93,94,95,96,97,98,99,0,1,2
30 Pickup,Chevrolet,82,83,84,85,86,87
3000GT ,Mitsubishi,91,92,93,94,95,96,97,98,99
300CD,Mercedes-Benz,82,83,84,85
300CE ,Mercedes-Benz,88,89,90,91,92,93
300D,Mercedes-Benz,82,83,84,85,87,90,91,92,93
300E ,Mercedes-Benz,86,87,88,89,90,91,92,93
300M,Chrysler,99,0,1,2
300SD ,Mercedes-Benz,82,83,84,85,92,93
300SDL,Mercedes-Benz,86,87
300SE ,Mercedes-Benz,88,89,90,91,92,93
300SEL,Mercedes-Benz,88,89,90,91
300SL ,Mercedes-Benz,90,91,92,93
300TD,Mercedes-Benz,82,83,84,85,87
300TE ,Mercedes-Benz,88,89,90,91,92,93
300ZX,Nissan,84,85,86,87,88,89,90,91,92,93,94,95,96
310,Nissan,82
323,Mazda,86,87,88,89,90,91,92,93,94
350 Pickup ,Dodge,82,83,84,85,86,87,88,89,90,91,92,93
3500 Pickup,Dodge,94,95,96,97,98,99,0,1,2
3500 Pickup ,Chevrolet,88,89,90,91,92,93,94,95,96,97,98,99,0
3500 Pickup,GMC,82,83,84,85,86,87,88,89,90,91,92,93,94,95,96,97,98,99,0
350SD ,Mercedes-Benz,90,91
350SDL,Mercedes-Benz,90,91
380SE ,Mercedes-Benz,84,85
380SEC,Mercedes-Benz,82,83
380SEL ,Mercedes-Benz,82,83
380SL,Mercedes-Benz,82,83,84,85
400,Dodge,82,83
4000,Audi,82,83,84,85,86,87
400E ,Mercedes-Benz,92,93
400SE,Mercedes-Benz,92
400SEL ,Mercedes-Benz,93
405,Peugeot,89,90,91
420SEL ,Mercedes-Benz,86,87,88,89,90,91
4Runner,Toyota,84,85,86,87,88,89,90,91,92,93,94,95,96,97,98,99,0,1,2
5 Series ,BMW,82,83,84,85,86,87,88,89,90,91,92,93,94,95,97,98,99,0,1,2
5000,Audi,82,83,84,85,86,87,88
500E ,Mercedes-Benz,92,93
500SEC,Mercedes-Benz,84,85,93
500SEL ,Mercedes-Benz,84,85,92,93
500SL,Mercedes-Benz,90,91,92,93
504,Peugeot,82,83
505,Peugeot,82,83,84,85,86,87,88,89,91
560SEC ,Mercedes-Benz,86,87,88,89,90,91
560SEL,Mercedes-Benz,86,87,88,89,90,91
560SL ,Mercedes-Benz,86,87,88,89
6 Series,BMW,82,83,84,85,86,87,88,89
600,Dodge,83,84,85,86,87,88
6000,Pontiac,82,83,84,85,86,87,88,89,90,91
600SEC ,Mercedes-Benz,93
600SEL,Mercedes-Benz,92,93
600SL ,Mercedes-Benz,93
604,Peugeot,82,83,84
626,Mazda,82,83,84,85,86,87,88,89,90,91,92,93,94,95,96,97,98,99,0,1,2
7 Series,BMW,82,83,84,85,86,87,88,89,90,91,92,93,94,95,96,97,98,99,0,1,2
740,Volvo,85,86,87,88,89,90,91,92
760,Volvo,83,84,85,86,87,88,89,90
780,Volvo,87,88,89,90
8 Series,BMW,91,92,93,94,95,96,97
80,Audi,88,89,90,91,92
825,Sterling,87,88
827,Sterling,89,90,91
850,Volvo,93,94,95,96,97
88,Oldsmobile,89,90,91,92,93,94,95,96,97,98,99
3-Sep,Saab,99,0,1,2
5-Sep,Saab,99,0,1,2
90,Audi,88,89,90,91,93,94,95
900,Saab,82,83,84,85,86,87,88,89,90,91,92,93,94,95,96,97,98
9000,Saab,86,87,88,89,90,91,92,93,94,95,96,97,98
911,Porsche,82,83,84,85,86,87,88,89,90,91,92,93,94,95,96,97,98,99,0,1,2
924,Porsche,82,87,88
928,Porsche,82,83,84,85,86,87,88,89,90,91,93,94,95
929,Mazda,88,89,90,91,92,93,94,95
940,Volvo,91,92,93,94,95
944,Porsche,83,84,85,86,87,88,89,90,91
960,Volvo,92,93,94,95,96,97
968,Porsche,92,93,94,95
98,Oldsmobile,82,83,84,85,86,87,88,89,90,91,92,93,94,95,96
